<?xml version="1.0" encoding="UTF-8" standalone="yes"?>
<addon id="plugin.audio.iba-vod" name="IBA - Israel Broadcasting Association" version="0.0.3" provider-name="Nir Elbaz">
    <requires>
        <import addon="xbmc.python" version="2.1.0"/>
        <import addon="script.module.requests" version="2.8.1"/>
        <import addon="script.module.xbmcswift2" version="2.4.0"/>
        <import addon="script.module.beautifulsoup4" version="4.3.2"/>
        <import addon="script.module.html5lib" version="0.999.0"/>
    </requires>
    <extension point="xbmc.python.pluginsource" library="addon.py">
        <provides>audio video</provides>
    </extension>
    <extension point="xbmc.addon.metadata">
        <platform>all</platform>
        <language>he</language>
        <summary lang="en">IBA - Israel Broadcasting Association</summary>
        <summary lang="he">רשות השידור</summary>
        <description lang="en">Watch and listen to all channels of the Israel Broadcasting Association and access its VOD library</description>
        <description lang="he">האזנה וצפייה בכל תחנות רשות השידור וגישה לספריית ה- VOD של הרשות</description>
        <disclaimer lang="en">The credit for the content goes to IBA. This is an unofficial addon.</disclaimer>
        <license>GNU GENERAL PUBLIC LICENSE Version 2, June 1991</license>
        <website>http://nirelbaz.com/</website>
        <email>nir@nirelbaz.com</email>
    </extension>
</addon>
