<?xml version="1.0" encoding="UTF-8" standalone="yes"?>
<addon id="plugin.video.anarchitv" name="Anarchitv" version="1.0.0" provider-name="kodi senyor">
    <requires>
    </requires>
    <extension point="xbmc.python.pluginsource"
               library="default.py">
        <provides>video</provides>
    </extension>
    <extension point="xbmc.addon.metadata">
        <platform>all</platform>
        <summary>AnarchiTV.gq live tv addon</summary>
        <description>from kodi-senyor.co.il live tv addon from AnarchiTV.gq</description>
    </extension>
</addon>