<?xml version="1.0" encoding="UTF-8"?>
<keymap>

  <global>
    <mouse>
      <leftclick>leftclick</leftclick>
      <middleclick>middleclick</middleclick>
      <rightclick>rightclick</rightclick>
      <doubleclick>doubleclick</doubleclick>
      <wheeldown>down</wheeldown>
      <wheelup>up</wheelup>
      <mousedrag>mousedrag</mousedrag>
      <mousemove>mousemove</mousemove>
       <middleclick>Select</middleclick>
	</mouse>
  </global>
  
 <FullscreenVideo>
    <mouse>
      <mousemove>noop</mousemove>
   </mouse>
  </FullscreenVideo>
  <FullscreenLiveTV>
    <mouse>
      <mousemove>noop</mousemove>
    </mouse>
  </FullscreenLiveTV>

</keymap>

