<?xml version="1.0" encoding="UTF-8" standalone="yes"?>
<addon id="plugin.audio.merlinradio" name="[COLOR yellow]Merlin[/COLOR][COLOR green][I]Radio[/I][/COLOR]" version="1.0.2" provider-name="Merlin">
	<requires>
		<import addon="xbmc.python"	version="2.1.0"/>
		<import addon="xbmc.addon" 	version="12.1.0"/>
	</requires>
	<extension point="xbmc.python.pluginsource" library="merlin.py">
		<provides>audio</provides>
	</extension>
	<extension point="xbmc.addon.metadata">
		<summary lang="en">Selection Of Live UK Radio Stations.</summary>
		<description lang="en">Regular Updates And All Your Best Radio Stations, Make Your Requests And I Shall Endevour To Please!</description>
		<disclaimer lang="en">Sorry Renegades And ColdKeys This Shit Aint Yours Either!</disclaimer>
		<platform>all</platform>
	</extension>
</addon>