<sources>
  <programs>
    <default pathversion="1" />
  </programs>
  <video>
    <default pathversion="1" />
    <source>
      <name>Movies TheWiz.Wall</name>
      <path pathversion="1">special://userdata/addon_data/plugin.video.thewiz.wall/library/movies/</path>
      <allowsharing>true</allowsharing>
    </source>
    <source>
      <name>salts tv</name>
      <path pathversion="1">special://profile/addon_data/plugin.video.salts/TVShows/</path>
      <allowsharing>true</allowsharing>
    </source>
    <source>
      <name>specto tv</name>
      <path pathversion="1">special://profile/addon_data/plugin.video.specto/TVShows/</path>
      <allowsharing>true</allowsharing>
    </source>
    <source>
      <name>Meta TVShows</name>
      <path pathversion="1">special://userdata/addon_data/plugin.video.meta/TVShows/</path>
    </source>
  </video>
  <music>
    <default pathversion="1" />
  </music>
  <pictures>
    <default pathversion="1" />
  </pictures>
  <files>
    <default pathversion="1" />
    <source>
      <name>photos</name>
      <path pathversion="1">special://home/photos/</path>
      <allowsharing>true</allowsharing>
    </source>
  </files>
</sources>
