﻿<?xml version="1.0" encoding="UTF-8" standalone="yes"?>
<addon id="frenchdj.repository" name="frenchdj repository" version="0.0.1" provider-name="frenchdj">
	<extension point="xbmc.addon.repository" name="frenchdj Add-on Repository">
		<info compressed="false">http://raw.github.com/frenchdj/frenchdj.repository/master/addons.xml</info>
		<checksum>http://raw.github.com/frenchdj/frenchdj.repository/master/addons.xml.md5</checksum>
		<datadir zip="true">http://raw.github.com/frenchdj/frenchdj.repository/master/repo/</datadir>
	</extension>
	<extension point="xbmc.addon.metadata">
		<summary>frenchdj Addon</summary>
		<description>frenchdj addons repositorio</description>
		<disclaimer></disclaimer>
		<platform>all</platform>
	</extension>
</addon>