﻿<?xml version="1.0" encoding="UTF-8" standalone="yes"?>
<addon id="plugin.video.thewiz.wall" name="TheWiz Media Wall" version="2.5.3" provider-name="TheWiz">
    <requires>
        <import addon="xbmc.python" version="2.1.0"/>
    </requires>
    <extension point="xbmc.python.pluginsource" library="default.py">
        <provides>video</provides>
    </extension>
	<extension point="xbmc.service" library="service.py" start="[login|startup]"/>
    <extension point="xbmc.addon.metadata">
        <platform>all</platform>
        <summary lang="en">TheWiz Wall Movies and TV series</summary>
        <summary lang="he">קיר הסרטים והסדרות של TheWiz</summary>
        <description lang="en"></description>
        <description lang="he">קיר סרטים וסדרות עם תוספי צפיה ישירה בלחיצת כפתור.</description>
        <disclaimer></disclaimer>
    </extension>
 </addon>
