{
 "name"         : "Search [COLOR FF0084FF]-[/COLOR] MixCloud ([COLOR FF0084FF]Q[/COLOR])",
 "repository"   : "repository.xbmc.org",
 "plugin"       : "plugin.audio.mixcloud",
 "priority"     : 900,
 "id"           : "search.mixcloud.q",
 "filters"      : {},
 "postprocess"  : "",
 "movies"       : [],
 "tvshows"      : [],
 "musicvideos"  : [],
 "music"        : [
  [
   {
    "link"      : "plugin://plugin.audio.mixcloud/?mode=30",
    "steps"     : [
     "keyboard:{cleartrack_+}",
     ".*{artist}.*{track}.*"
     ],
    "action"    : "PLAY"
   }
  ]
 ],
 "live"         : []
}