{
 "name"         : "Navigate [COLOR FF0084FF]-[/COLOR] [I][COLOR red]DNA TV[/COLOR] [COLOR lime]PRO Beta[/COLOR][/I] ([COLOR FF0084FF]Q[/COLOR])",
 "repository"   : "repository.dnaREPO-v2",
 "plugin"       : "plugin.video.dnatv",
 "priority"     : 800,
 "id"           : "navigate.dnatv.q",
 "filters"      : {},
 "postprocess"  : "",
 "movies"       : [],
 "tvshows"      : [],
 "musicvideos"  : [],
 "music"        : [],
 "live"         : [
  [
   {
    "link"      : "plugin://plugin.video.dnatv/",
    "steps"     : [
     ".*live.*",
     ".*uktvnow.*",
     "@any",
     "{name}"
     ],
    "action"    : "PLAY"
   },
   {
    "link"      : "plugin://plugin.video.dnatv/",
    "steps"     : [
     ".*live.*",
     ".*uktvnow.*",
     "@any",
     ".*{name}.*"
     ],
    "action"    : "PLAY"
   },
   {
    "link"      : "plugin://plugin.video.dnatv/",
    "steps"     : [
     ".*live.*",
     ".*uktvnow.*",
     "@any",
     "{basename}.({extension}|{extension|number_to_text()}|{extension|text_to_number()})"
     ],
    "action"    : "PLAY"
   },
   {
    "link"      : "plugin://plugin.video.dnatv/",
    "steps"     : [
     ".*live.*",
     ".*uktvnow.*",
     "@any",
     ".*{basename}.({extension}|{extension|number_to_text()}|{extension|text_to_number()}).*"
     ],
    "action"    : "PLAY"
   }
  ]
 ]
}